[
    {
        "type": "Microsoft.ApiManagement/service/apis",
        "apiVersion": "2021-01-01-preview",
        "name": "api-mgmt-4k6erlo5uhbkg/todo-api",
        "dependsOn": [
            "[resourceId('Microsoft.ApiManagement/service', 'api-mgmt-4k6erlo5uhbkg')]"
        ],
        "properties": {
            "displayName": "todo-api",
            "apiRevision": "1",
            "description": "Example Todo API Definition",
            "subscriptionRequired": true,
            "serviceUrl": "https://func-app-4k6erlo5uhbkg.azurewebsites.net",
            "protocols": [
                "https"
            ],
            "isCurrent": true,
            "path": null
        }
    },
    {
        "type": "Microsoft.ApiManagement/service/apis/operations",
        "apiVersion": "2021-01-01-preview",
        "name": "api-mgmt-4k6erlo5uhbkg/todo-api/delete-api-deleteitem-1",
        "dependsOn": [
            "[resourceId('Microsoft.ApiManagement/service/apis', 'api-mgmt-4k6erlo5uhbkg', 'todo-api')]",
            "[resourceId('Microsoft.ApiManagement/service', 'api-mgmt-4k6erlo5uhbkg')]"
        ],
        "properties": {
            "displayName": "/api/deleteItem/1 - DELETE",
            "method": "DELETE",
            "urlTemplate": "/api/deleteItem/1",
            "templateParameters": [],
            "description": "Auto generated using Swagger Inspector",
            "responses": [
                {
                    "statusCode": 200,
                    "description": "Auto generated using Swagger Inspector",
                    "representations": [
                        {
                            "contentType": "application/json",
                            "schemaId": "60efc44ce89d3a0b149cb293",
                            "typeName": "ApiDeleteItem1Delete200ApplicationJsonResponse"
                        }
                    ],
                    "headers": []
                }
            ]
        }
    },
    {
        "type": "Microsoft.ApiManagement/service/apis/operations",
        "apiVersion": "2021-01-01-preview",
        "name": "api-mgmt-4k6erlo5uhbkg/todo-api/get-api-getcompleteditems",
        "dependsOn": [
            "[resourceId('Microsoft.ApiManagement/service/apis', 'api-mgmt-4k6erlo5uhbkg', 'todo-api')]",
            "[resourceId('Microsoft.ApiManagement/service', 'api-mgmt-4k6erlo5uhbkg')]"
        ],
        "properties": {
            "displayName": "/api/getCompletedItems - GET",
            "method": "GET",
            "urlTemplate": "/api/getCompletedItems",
            "templateParameters": [],
            "description": "Auto generated using Swagger Inspector",
            "responses": [
                {
                    "statusCode": 200,
                    "description": "Auto generated using Swagger Inspector",
                    "representations": [
                        {
                            "contentType": "application/json",
                            "schemaId": "60efc44ce89d3a0b149cb293",
                            "typeName": "ApiGetCompletedItemsGet200ApplicationJsonResponse"
                        }
                    ],
                    "headers": []
                }
            ]
        }
    },
    {
        "type": "Microsoft.ApiManagement/service/apis/operations",
        "apiVersion": "2021-01-01-preview",
        "name": "api-mgmt-4k6erlo5uhbkg/todo-api/get-api-getincompleteitems",
        "dependsOn": [
            "[resourceId('Microsoft.ApiManagement/service/apis', 'api-mgmt-4k6erlo5uhbkg', 'todo-api')]",
            "[resourceId('Microsoft.ApiManagement/service', 'api-mgmt-4k6erlo5uhbkg')]"
        ],
        "properties": {
            "displayName": "/api/getIncompleteItems - GET",
            "method": "GET",
            "urlTemplate": "/api/getIncompleteItems",
            "templateParameters": [],
            "description": "Auto generated using Swagger Inspector",
            "responses": [
                {
                    "statusCode": 200,
                    "description": "Auto generated using Swagger Inspector",
                    "representations": [
                        {
                            "contentType": "application/json",
                            "schemaId": "60efc44ce89d3a0b149cb293",
                            "typeName": "ApiGetIncompleteItemsGet200ApplicationJsonResponse"
                        }
                    ],
                    "headers": []
                }
            ]
        }
    },
    {
        "type": "Microsoft.ApiManagement/service/apis/operations",
        "apiVersion": "2021-01-01-preview",
        "name": "api-mgmt-4k6erlo5uhbkg/todo-api/post-api-createitem",
        "dependsOn": [
            "[resourceId('Microsoft.ApiManagement/service/apis', 'api-mgmt-4k6erlo5uhbkg', 'todo-api')]",
            "[resourceId('Microsoft.ApiManagement/service', 'api-mgmt-4k6erlo5uhbkg')]"
        ],
        "properties": {
            "displayName": "/api/createItem - POST",
            "method": "POST",
            "urlTemplate": "/api/createItem",
            "templateParameters": [],
            "description": "Auto generated using Swagger Inspector",
            "request": {
                "queryParameters": [
                    {
                        "name": "description",
                        "type": "string",
                        "values": [],
                        "schemaId": "60efc44ce89d3a0b149cb293",
                        "typeName": "ApiCreateItemPostRequest"
                    }
                ],
                "headers": [],
                "representations": []
            },
            "responses": [
                {
                    "statusCode": 200,
                    "description": "Auto generated using Swagger Inspector",
                    "representations": [
                        {
                            "contentType": "application/json",
                            "schemaId": "60efc44ce89d3a0b149cb293",
                            "typeName": "ApiCreateItemPost200ApplicationJsonResponse"
                        }
                    ],
                    "headers": []
                }
            ]
        }
    },
    {
        "type": "Microsoft.ApiManagement/service/apis/operations",
        "apiVersion": "2021-01-01-preview",
        "name": "api-mgmt-4k6erlo5uhbkg/todo-api/post-api-updateitem-2",
        "dependsOn": [
            "[resourceId('Microsoft.ApiManagement/service/apis', 'api-mgmt-4k6erlo5uhbkg', 'todo-api')]",
            "[resourceId('Microsoft.ApiManagement/service', 'api-mgmt-4k6erlo5uhbkg')]"
        ],
        "properties": {
            "displayName": "/api/updateItem/2 - POST",
            "method": "POST",
            "urlTemplate": "/api/updateItem/2",
            "templateParameters": [],
            "description": "Auto generated using Swagger Inspector",
            "request": {
                "queryParameters": [
                    {
                        "name": "completed",
                        "type": "boolean",
                        "values": [],
                        "schemaId": "60efc44ce89d3a0b149cb293",
                        "typeName": "ApiUpdateItem2PostRequest"
                    }
                ],
                "headers": [],
                "representations": []
            },
            "responses": [
                {
                    "statusCode": 200,
                    "description": "Auto generated using Swagger Inspector",
                    "representations": [
                        {
                            "contentType": "application/json",
                            "schemaId": "60efc44ce89d3a0b149cb293",
                            "typeName": "ApiUpdateItem2Post200ApplicationJsonResponse"
                        }
                    ],
                    "headers": []
                }
            ]
        }
    },
    {
        "type": "Microsoft.ApiManagement/service/apis/schemas",
        "apiVersion": "2021-01-01-preview",
        "name": "api-mgmt-4k6erlo5uhbkg/todo-api/60efc44ce89d3a0b149cb293",
        "dependsOn": [
            "[resourceId('Microsoft.ApiManagement/service/apis', 'api-mgmt-4k6erlo5uhbkg', 'todo-api')]",
            "[resourceId('Microsoft.ApiManagement/service', 'api-mgmt-4k6erlo5uhbkg')]"
        ],
        "properties": {
            "contentType": "application/vnd.oai.openapi.components+json",
            "document": {}
        }
    }
]
